sequence_id,nstruct_scored,dG_separated,dG_separated_sd,dG_separated_values,dSASA_int,dSASA_int_sd,dSASA_int_values,sc_value,sc_value_sd,sc_value_values,hbonds_int,hbonds_int_sd,hbonds_int_values,delta_unsatHbonds,delta_unsatHbonds_sd,delta_unsatHbonds_values,dG_per_dSASAx100,dG_per_dSASAx100_sd,dG_per_dSASAx100_values,dG_per_dSASAx100_ratio_of_means,designed_dslf_fa13,designed_dslf_fa13_sd,designed_dslf_fa13_values,parent,parent_ratio,parent_rank,lost_interface
SCRAM_shard3_out_64_u102,5,-27.013800000000003,9.567,"[-35.035, -30.507, -21.004, -13.346, -35.177]",1097.7848,413.8769,"[1443.552, 1203.144, 804.004, 541.705, 1496.519]",0.6748,0.058,"[0.721, 0.718, 0.712, 0.606, 0.617]",3.0,0.7071,"[3.0, 3.0, 3.0, 2.0, 4.0]",8.6,5.9414,"[13.0, 6.0, 9.0, 0.0, 15.0]",-2.478,0.1003,"[-2.427, -2.536, -2.612, -2.464, -2.351]",-2.4607555141954967,-0.64,0.298,"[-0.868, -0.213, -0.882, -0.441, -0.794]",shard3_out_64_u102,-3.2784,29,False
SCRAM_shard0_out_235_u27,5,-35.7522,4.5733,"[-36.075, -33.087, -43.437, -31.831, -34.331]",1427.8086,87.1995,"[1484.59, 1419.348, 1541.965, 1367.644, 1325.496]",0.5984,0.0222,"[0.601, 0.591, 0.612, 0.565, 0.623]",4.6,1.8166,"[3.0, 3.0, 7.0, 4.0, 6.0]",11.2,4.0866,"[15.0, 6.0, 15.0, 12.0, 8.0]",-2.499,0.2073,"[-2.43, -2.331, -2.817, -2.327, -2.59]",-2.503991081157517,-1.002,0.043,"[-0.992, -1.046, -1.011, -1.026, -0.934]",shard0_out_235_u27,-3.4804,4,False
SCRAM_shard0_out_183_u423,5,-17.2592,50.9905,"[-39.693, 73.844, -44.229, -38.475, -37.743]",1763.3439999999998,308.9236,"[2096.901, 1262.938, 1795.363, 1901.307, 1760.211]",0.5673999999999999,0.0352,"[0.589, 0.51, 0.574, 0.563, 0.601]",5.8,1.0954,"[6.0, 4.0, 6.0, 6.0, 7.0]",12.2,4.6583,"[10.0, 5.0, 16.0, 15.0, 15.0]",-0.5355999999999999,3.5743,"[-1.893, 5.847, -2.464, -2.024, -2.144]",-0.9787766879292981,0.517,0.635,"[0.83, -0.59, 0.903, 0.552, 0.892]",shard0_out_183_u423,-3.3258,21,False
SCRAM_shard3_out_24_u111,5,-57.0312,4.2429,"[-62.133, -58.356, -50.855, -58.645, -55.167]",2078.6196,110.02,"[2127.297, 2120.04, 2213.709, 1946.938, 1985.114]",0.6062,0.0541,"[0.688, 0.591, 0.537, 0.61, 0.605]",3.6,1.5166,"[6.0, 4.0, 2.0, 3.0, 3.0]",18.4,4.7749,"[13.0, 23.0, 14.0, 23.0, 19.0]",-2.7524,0.2756,"[-2.921, -2.753, -2.297, -3.012, -2.779]",-2.7437054860831678,-0.938,0.107,"[-0.969, -1.074, -0.901, -0.782, -0.966]",shard3_out_24_u111,-3.3554,14,False
SCRAM_shard1_out_371_u114,5,-17.3418,6.3242,"[-24.666, -19.7, -8.349, -13.861, -20.133]",701.693,290.9732,"[1024.987, 861.316, 289.419, 531.839, 800.904]",0.6988,0.0242,"[0.674, 0.739, 0.691, 0.698, 0.692]",0.6,0.5477,"[1.0, 0.0, 1.0, 0.0, 1.0]",3.6,2.7019,"[7.0, 2.0, 0.0, 5.0, 4.0]",-2.5395999999999996,0.2269,"[-2.406, -2.287, -2.885, -2.606, -2.514]",-2.4714226876996066,-0.527,0.475,"[-0.639, -0.94, 0.099, -0.98, -0.175]",shard1_out_371_u114,-3.3056,24,False
SCRAM_shard2_out_75_u121,5,0.0,0.0,"[0.0, 0.0, 0.0, 0.0, 0.0]",0.0,0.0,"[0.0, 0.0, 0.0, 0.0, 0.0]",0.0,0.0,"[0.0, 0.0, 0.0, 0.0, 0.0]",0.0,0.0,"[0.0, 0.0, 0.0, 0.0, 0.0]",0.0,0.0,"[0.0, 0.0, 0.0, 0.0, 0.0]",0.0,0.0,"[0.0, 0.0, 0.0, 0.0, 0.0]",,-0.904,0.032,"[-0.882, -0.94, -0.938, -0.88, -0.88]",shard2_out_75_u121,-3.5016,3,True
SCRAM_shard1_out_74_u136,5,-57.9274,1.6986,"[-58.104, -59.775, -56.274, -59.369, -56.115]",1968.0836,94.0169,"[1829.462, 1960.344, 1977.571, 2094.069, 1978.972]",0.6356,0.0369,"[0.63, 0.686, 0.613, 0.657, 0.592]",8.6,1.1402,"[9.0, 7.0, 8.0, 10.0, 9.0]",15.2,4.4944,"[11.0, 21.0, 13.0, 19.0, 12.0]",-2.9484,0.1564,"[-3.176, -3.049, -2.846, -2.835, -2.836]",-2.9433404150108258,-0.724,0.073,"[-0.701, -0.791, -0.739, -0.61, -0.779]",shard1_out_74_u136,-3.2684,30,False
SCRAM_shard3_out_49_u14,5,-44.419200000000004,3.9283,"[-41.155, -41.515, -42.03, -49.094, -48.302]",1932.4184,57.0172,"[1890.21, 1888.886, 1937.309, 2027.775, 1917.912]",0.5184,0.0301,"[0.49, 0.502, 0.504, 0.531, 0.565]",5.6,2.1909,"[2.0, 5.0, 7.0, 7.0, 7.0]",20.2,4.9699,"[25.0, 17.0, 26.0, 18.0, 15.0]",-2.2967999999999997,0.1617,"[-2.177, -2.198, -2.17, -2.421, -2.518]",-2.2986326356652373,-0.165,0.14,"[-0.167, -0.243, 0.072, -0.198, -0.288]",shard3_out_49_u14,-3.3488,15,False
SCRAM_shard2_out_208_u282,5,-29.5298,4.3066,"[-30.593, -34.755, -30.469, -28.978, -22.854]",1142.0662,113.8322,"[1193.54, 1205.505, 1204.837, 1165.988, 940.461]",0.6165999999999999,0.0516,"[0.583, 0.684, 0.567, 0.659, 0.59]",2.8,0.8367,"[3.0, 4.0, 2.0, 3.0, 2.0]",6.0,1.2247,"[5.0, 8.0, 6.0, 5.0, 6.0]",-2.578,0.1776,"[-2.563, -2.883, -2.529, -2.485, -2.43]",-2.585646961620964,-0.925,0.085,"[-0.974, -0.971, -0.951, -0.775, -0.954]",shard2_out_208_u282,-3.319,22,False
SCRAM_shard1_out_300_u92,5,-42.09159999999999,3.4574,"[-40.3, -39.038, -47.244, -44.022, -39.854]",1736.0786,25.8029,"[1760.842, 1759.849, 1738.763, 1719.581, 1701.358]",0.5959999999999999,0.0917,"[0.629, 0.549, 0.723, 0.477, 0.602]",5.4,0.5477,"[6.0, 5.0, 5.0, 5.0, 6.0]",11.2,3.1145,"[8.0, 15.0, 10.0, 9.0, 14.0]",-2.4252000000000002,0.2072,"[-2.289, -2.218, -2.717, -2.56, -2.342]",-2.4245215625605887,-0.707,0.101,"[-0.679, -0.742, -0.549, -0.814, -0.754]",shard1_out_300_u92,-3.3554,13,False
SCRAM_shard3_out_24_u234,5,-5.1491999999999996,3.3729,"[0.0, -8.092, -7.861, -3.703, -6.09]",206.9504,131.8793,"[0.0, 289.186, 239.376, 167.458, 338.732]",0.5960000000000001,0.3377,"[0.0, 0.682, 0.832, 0.718, 0.748]",0.4,0.5477,"[0.0, 0.0, 0.0, 1.0, 1.0]",0.4,0.5477,"[0.0, 1.0, 0.0, 0.0, 1.0]",-2.0181999999999998,1.2619,"[0.0, -2.798, -3.284, -2.211, -1.798]",-2.488132422068283,-0.438,0.221,"[-0.52, -0.65, -0.214, -0.189, -0.617]",shard3_out_24_u234,-3.2954,27,False
SCRAM_shard3_out_70_u10,5,-45.3312,4.6078,"[-39.767, -47.511, -40.96, -49.083, -49.335]",1536.1644000000001,67.5179,"[1572.771, 1590.621, 1426.689, 1515.582, 1575.159]",0.5997999999999999,0.0299,"[0.573, 0.563, 0.629, 0.612, 0.622]",8.6,1.1402,"[7.0, 9.0, 8.0, 9.0, 10.0]",9.2,4.3243,"[9.0, 14.0, 6.0, 4.0, 13.0]",-2.9514,0.2749,"[-2.528, -2.987, -2.871, -3.239, -3.132]",-2.95093415782842,0.2,0.614,"[0.551, -0.324, 1.039, 0.17, -0.438]",shard3_out_70_u10,-3.4634,5,False
SCRAM_shard3_out_71_u312,5,0.0,0.0,"[0.0, 0.0, 0.0, 0.0, 0.0]",0.0,0.0,"[0.0, 0.0, 0.0, 0.0, 0.0]",0.0,0.0,"[0.0, 0.0, 0.0, 0.0, 0.0]",0.0,0.0,"[0.0, 0.0, 0.0, 0.0, 0.0]",0.0,0.0,"[0.0, 0.0, 0.0, 0.0, 0.0]",0.0,0.0,"[0.0, 0.0, 0.0, 0.0, 0.0]",,0.974,0.918,"[-0.669, 1.394, 1.397, 1.378, 1.368]",shard3_out_71_u312,-3.2996,25,True
SCRAM_shard0_out_2_u162,5,-40.6608,2.9714,"[-42.417, -36.27, -43.762, -39.157, -41.698]",1664.4900000000002,113.8068,"[1862.392, 1656.41, 1617.976, 1584.313, 1601.359]",0.6506,0.0587,"[0.571, 0.64, 0.736, 0.656, 0.65]",5.6,2.0736,"[9.0, 4.0, 5.0, 6.0, 4.0]",10.2,2.5884,"[12.0, 11.0, 8.0, 13.0, 7.0]",-2.4497999999999998,0.2159,"[-2.278, -2.19, -2.705, -2.472, -2.604]",-2.442838346881026,1.288,2.053,"[4.641, -0.421, 1.829, 0.108, 0.284]",shard0_out_2_u162,-3.2978,26,False
SCRAM_shard0_out_209_u5,5,-33.8104,4.787,"[-41.341, -33.61, -34.733, -29.741, -29.627]",1238.581,136.8267,"[1403.105, 1137.182, 1299.307, 1291.065, 1062.246]",0.6129999999999999,0.0246,"[0.594, 0.609, 0.621, 0.59, 0.651]",3.8,2.0494,"[7.0, 4.0, 2.0, 2.0, 4.0]",13.8,2.9496,"[15.0, 11.0, 11.0, 18.0, 14.0]",-2.7336,0.2673,"[-2.946, -2.956, -2.673, -2.304, -2.789]",-2.729768985637597,0.242,0.192,"[0.103, 0.309, 0.547, 0.167, 0.082]",shard0_out_209_u5,-3.3832,11,False
SCRAM_shard1_out_61_u55,5,-29.3262,3.0507,"[-25.321, -33.314, -29.651, -27.571, -30.774]",1613.8368,90.3879,"[1529.473, 1724.053, 1592.068, 1531.381, 1692.209]",0.644,0.0629,"[0.677, 0.568, 0.611, 0.732, 0.632]",4.6,1.5166,"[5.0, 6.0, 5.0, 5.0, 2.0]",11.4,2.7019,"[11.0, 11.0, 10.0, 9.0, 16.0]",-1.8137999999999999,0.1018,"[-1.656, -1.932, -1.862, -1.8, -1.819]",-1.8171725914293193,-0.635,0.293,"[-0.782, -0.815, -0.556, -0.867, -0.157]",shard1_out_61_u55,-3.3106,23,False
SCRAM_shard3_out_350_u16,5,-2.755,6.1604,"[0.0, -13.775, 0.0, 0.0, 0.0]",113.38019999999999,253.5258,"[0.0, 566.901, 0.0, 0.0, 0.0]",0.155,0.3466,"[0.0, 0.775, 0.0, 0.0, 0.0]",0.2,0.4472,"[0.0, 1.0, 0.0, 0.0, 0.0]",1.2,2.6833,"[0.0, 6.0, 0.0, 0.0, 0.0]",-0.48600000000000004,1.0867,"[0.0, -2.43, 0.0, 0.0, 0.0]",-2.429877527116728,-0.184,0.651,"[-0.092, 0.625, -0.841, -0.842, 0.228]",shard3_out_350_u16,-3.6822,1,True
SCRAM_shard1_out_329_u95,5,-40.617599999999996,4.9062,"[-42.517, -41.845, -32.412, -40.818, -45.496]",1802.1979999999999,78.7511,"[1899.603, 1697.626, 1750.646, 1830.478, 1832.637]",0.5307999999999999,0.0638,"[0.539, 0.572, 0.443, 0.495, 0.605]",5.2,1.4832,"[6.0, 5.0, 3.0, 5.0, 7.0]",15.0,2.1213,"[15.0, 13.0, 16.0, 18.0, 13.0]",-2.2534,0.255,"[-2.238, -2.465, -1.851, -2.23, -2.483]",-2.2537812160484028,-0.696,0.252,"[-0.677, -0.838, -0.272, -0.912, -0.783]",shard1_out_329_u95,-3.3378,19,False
SCRAM_shard2_out_96_u301,5,-37.746,3.0114,"[-34.809, -39.712, -34.427, -41.226, -38.556]",1517.2678,82.2729,"[1436.008, 1510.6, 1440.598, 1621.964, 1577.169]",0.5676,0.0268,"[0.579, 0.521, 0.577, 0.572, 0.589]",6.4,1.6733,"[6.0, 9.0, 5.0, 7.0, 5.0]",10.0,4.6368,"[11.0, 4.0, 12.0, 16.0, 7.0]",-2.4859999999999998,0.0979,"[-2.424, -2.629, -2.39, -2.542, -2.445]",-2.4877612244852227,0.058,0.855,"[-0.817, 0.747, 0.621, -0.936, 0.674]",shard2_out_96_u301,-3.414,9,False
SCRAM_shard1_out_61_u97,5,-38.1956,4.8497,"[-42.266, -37.855, -33.612, -33.33, -43.915]",1629.464,21.3633,"[1627.095, 1604.096, 1635.099, 1661.733, 1619.297]",0.5681999999999999,0.0755,"[0.687, 0.569, 0.569, 0.535, 0.481]",6.0,2.1213,"[7.0, 6.0, 4.0, 9.0, 4.0]",8.0,2.3452,"[9.0, 5.0, 6.0, 10.0, 10.0]",-2.3464,0.3152,"[-2.598, -2.36, -2.056, -2.006, -2.712]",-2.3440591507391386,-0.333,0.411,"[-0.264, -0.582, -0.274, -0.82, 0.274]",shard1_out_61_u97,-3.3906,10,False
SCRAM_shard1_out_124_u30,5,-27.6322,3.6049,"[-26.386, -28.296, -23.719, -33.385, -26.375]",1123.0494,36.7823,"[1134.36, 1179.415, 1104.546, 1115.127, 1081.799]",0.5731999999999999,0.0748,"[0.536, 0.525, 0.607, 0.689, 0.509]",1.4,1.1402,"[1.0, 3.0, 0.0, 2.0, 1.0]",3.0,1.5811,"[2.0, 3.0, 5.0, 1.0, 4.0]",-2.4608,0.3183,"[-2.326, -2.399, -2.147, -2.994, -2.438]",-2.4604616680263574,-0.865,0.115,"[-0.961, -0.725, -1.005, -0.801, -0.835]",shard1_out_124_u30,-3.3412,18,False
SCRAM_shard1_out_350_u189,5,-2.4942,3.4735,"[0.0, 0.0, -5.34, 0.0, -7.131]",92.09,127.0808,"[0.0, 0.0, 207.933, 0.0, 252.517]",0.33940000000000003,0.4647,"[0.0, 0.0, 0.847, 0.0, 0.85]",0.0,0.0,"[0.0, 0.0, 0.0, 0.0, 0.0]",0.0,0.0,"[0.0, 0.0, 0.0, 0.0, 0.0]",-1.0783999999999998,1.4794,"[0.0, 0.0, -2.568, 0.0, -2.824]",-2.7084373981974155,0.342,2.036,"[-0.734, 0.0, 3.929, -0.523, -0.961]",shard1_out_350_u189,-3.2934,28,True
SCRAM_shard3_out_44_u65,5,-29.1036,3.1302,"[-31.691, -28.841, -28.551, -24.309, -32.126]",1054.8672000000001,45.1278,"[1079.823, 1111.113, 1044.752, 989.907, 1048.741]",0.6908000000000001,0.0362,"[0.738, 0.647, 0.706, 0.663, 0.7]",3.2,1.0954,"[4.0, 2.0, 4.0, 2.0, 4.0]",5.6,2.7019,"[4.0, 10.0, 3.0, 5.0, 6.0]",-2.7566,0.2462,"[-2.935, -2.596, -2.733, -2.456, -3.063]",-2.7589823628983816,-0.897,0.043,"[-0.946, -0.863, -0.886, -0.853, -0.938]",shard3_out_44_u65,-3.6464,2,False
SCRAM_shard3_out_49_u245,5,-38.3172,3.0704,"[-38.095, -34.035, -41.968, -37.066, -40.422]",1937.6756,102.86,"[1904.34, 1814.714, 1957.986, 1915.029, 2096.309]",0.5788,0.0675,"[0.56, 0.475, 0.615, 0.654, 0.59]",4.0,1.0,"[3.0, 3.0, 5.0, 5.0, 4.0]",16.6,3.6469,"[16.0, 11.0, 17.0, 18.0, 21.0]",-1.9766,0.1029,"[-2.0, -1.876, -2.143, -1.936, -1.928]",-1.9774827117604206,-0.687,0.352,"[-0.843, -0.744, -0.946, -0.83, -0.07]",shard3_out_49_u245,-3.378,12,False
SCRAM_shard3_out_49_u115,5,-40.691199999999995,9.3895,"[-43.093, -30.731, -53.315, -32.015, -44.302]",1941.0114,54.5366,"[2028.063, 1917.459, 1912.315, 1889.44, 1957.78]",0.571,0.0471,"[0.579, 0.509, 0.621, 0.538, 0.608]",6.8,3.3466,"[7.0, 5.0, 12.0, 3.0, 7.0]",16.0,5.3385,"[15.0, 10.0, 22.0, 12.0, 21.0]",-2.0946000000000002,0.4776,"[-2.125, -1.603, -2.788, -1.694, -2.263]",-2.0963916028519973,0.937,0.973,"[0.681, 2.272, -0.438, 1.138, 1.032]",shard3_out_49_u115,-3.342,17,False
SCRAM_shard1_out_300_u89,5,-40.618399999999994,1.4462,"[-39.126, -39.731, -42.531, -41.742, -39.962]",1456.131,52.5252,"[1462.103, 1401.292, 1527.748, 1480.845, 1408.667]",0.6681999999999999,0.045,"[0.679, 0.742, 0.645, 0.645, 0.63]",5.8,0.4472,"[6.0, 6.0, 6.0, 5.0, 6.0]",7.4,2.7019,"[7.0, 8.0, 3.0, 9.0, 10.0]",-2.7902,0.0673,"[-2.676, -2.835, -2.784, -2.819, -2.837]",-2.789474298672303,-0.772,0.385,"[-0.96, -0.787, -0.102, -1.0, -1.009]",shard1_out_300_u89,-3.336,20,False
SCRAM_shard3_out_350_u15,5,-34.3242,6.6797,"[-41.028, -41.47, -32.325, -30.431, -26.367]",1253.7426,187.2258,"[1277.545, 1542.942, 1186.092, 1234.353, 1027.781]",0.6247999999999999,0.0678,"[0.522, 0.6, 0.661, 0.641, 0.7]",4.2,0.8367,"[5.0, 5.0, 4.0, 4.0, 3.0]",5.2,1.6432,"[7.0, 6.0, 4.0, 3.0, 6.0]",-2.7308,0.2875,"[-3.211, -2.688, -2.725, -2.465, -2.565]",-2.737738990443493,-0.733,0.075,"[-0.773, -0.606, -0.772, -0.725, -0.79]",shard3_out_350_u15,-3.4416,7,False
SCRAM_shard3_out_44_u29,5,-31.286400000000004,3.831,"[-34.002, -33.589, -32.451, -31.77, -24.62]",1358.7361999999998,30.5777,"[1330.364, 1354.264, 1388.779, 1391.827, 1328.447]",0.5332,0.0782,"[0.637, 0.587, 0.47, 0.52, 0.452]",7.2,1.4832,"[9.0, 8.0, 7.0, 7.0, 5.0]",8.2,3.0332,"[7.0, 7.0, 9.0, 13.0, 5.0]",-2.3017999999999996,0.2736,"[-2.556, -2.48, -2.337, -2.283, -1.853]",-2.302610322739617,1.021,0.673,"[1.321, 1.356, 0.952, 1.588, -0.112]",shard3_out_44_u29,-3.4598,6,False
SCRAM_shard1_out_350_u144,5,-3.7792000000000003,5.253,"[0.0, 0.0, -10.724, 0.0, -8.172]",196.31480000000002,269.1415,"[0.0, 0.0, 509.526, 0.0, 472.048]",0.26539999999999997,0.3661,"[0.0, 0.0, 0.726, 0.0, 0.601]",0.2,0.4472,"[0.0, 0.0, 0.0, 0.0, 1.0]",1.4,1.9494,"[0.0, 0.0, 3.0, 0.0, 4.0]",-0.7672000000000001,1.0588,"[0.0, 0.0, -2.105, 0.0, -1.731]",-1.925071364970955,-0.436,0.296,"[-0.139, -0.822, -0.392, -0.648, -0.18]",shard1_out_350_u144,-3.4272,8,True
SCRAM_shard0_out_326_u186,5,-38.884,0.9539,"[-38.035, -40.315, -38.178, -38.519, -39.373]",1632.2698,38.6029,"[1584.891, 1620.327, 1674.978, 1612.192, 1668.961]",0.5754,0.0279,"[0.536, 0.612, 0.566, 0.587, 0.576]",5.4,1.1402,"[6.0, 4.0, 5.0, 5.0, 7.0]",11.0,3.6742,"[6.0, 9.0, 14.0, 11.0, 15.0]",-2.383,0.0754,"[-2.4, -2.488, -2.279, -2.389, -2.359]",-2.3822042164843094,-0.557,0.107,"[-0.622, -0.382, -0.543, -0.578, -0.66]",shard0_out_326_u186,-3.3454,16,False
