candidate,peptide_pose_rmsd_A,receptor_fit_residual_A
out_70_sample3,2.6,3.2
out_30_sample4,3.42,3.18
out_70_sample2,3.57,3.1
out_22_sample4,3.74,3.23
out_3_sample3,4.45,3.26
out_37_sample3,4.58,3.06
out_37_sample1,4.7,3.3
out_37_sample4,4.79,3.25
out_3_sample4,5.05,3.6
out_5_sample4,5.19,3.32
out_88_sample4,5.34,3.31
out_80_sample4,5.42,3.43
out_88_sample2,6.22,2.95
out_75_sample3,6.61,3.05
out_17_sample3,6.84,3.08
out_98_sample1,6.96,3.09
out_26_sample3,7.02,3.22
out_7_sample2,7.11,3.23
out_94_sample1,7.27,3.1
out_21_sample2,7.36,3.32
out_98_sample2,7.75,3.28
out_21_sample1,7.82,3.21
out_35_sample2,9.79,3.21
out_90_sample4,10.14,3.15
out_39_sample2,13.4,3.03
out_39_sample1,13.65,3.22
out_39_sample3,15.51,3.18
