backbone,T,n_distinct_raw,n_survivors_of_300,n_distinct_good,D_s_fit
0,0.05,30,179,21,21.0
0,0.1,64,150,25,25.1
0,0.2,140,91,22,22.4
0,0.3,245,27,12,14.1
0,0.5,296,4,3,6.6
0,0.7,300,1,1,
0,1.0,300,0,0,
3,0.05,38,182,18,18.0
3,0.1,84,151,23,23.0
3,0.2,191,73,27,29.5
3,0.3,277,27,21,51.4
3,0.5,300,2,2,
3,0.7,300,1,1,
3,1.0,300,1,1,
8,0.05,18,178,8,8.0
8,0.1,48,151,11,11.0
8,0.2,160,51,12,12.2
8,0.3,258,17,10,14.5
8,0.5,300,0,0,
8,0.7,300,0,0,
8,1.0,300,0,0,
10,0.05,31,189,25,25.0
10,0.1,68,150,27,27.1
10,0.2,173,70,31,36.3
10,0.3,253,28,20,39.1
10,0.5,300,1,1,
10,0.7,300,0,0,
10,1.0,300,0,0,
12,0.05,45,182,26,26.0
12,0.1,57,150,24,24.0
12,0.2,157,88,26,27.0
12,0.3,232,39,21,27.9
12,0.5,298,1,1,
12,0.7,300,1,1,
12,1.0,300,0,0,
15,0.05,127,197,80,90.1
15,0.1,203,150,94,146.9
15,0.2,290,46,42,248.9
15,0.3,296,10,10,
15,0.5,300,0,0,
15,0.7,300,0,0,
15,1.0,300,0,0,
20,0.05,128,149,74,92.4
20,0.1,171,150,83,112.9
20,0.2,252,76,60,154.2
20,0.3,296,22,21,234.6
20,0.5,300,2,2,
20,0.7,300,0,0,
20,1.0,300,0,0,
21,0.05,24,142,10,10.0
21,0.1,28,150,12,12.0
21,0.2,80,123,15,15.0
21,0.3,171,65,11,11.0
21,0.5,285,14,9,14.6
21,0.7,300,1,1,
21,1.0,300,0,0,
25,0.05,61,158,22,22.0
25,0.1,77,150,23,23.0
25,0.2,174,72,22,23.0
25,0.3,270,16,14,58.5
25,0.5,300,1,1,
25,0.7,300,0,0,
25,1.0,300,0,0,
28,0.05,7,167,5,5.0
28,0.1,11,150,4,4.0
28,0.2,26,101,5,5.0
28,0.3,68,38,3,3.0
28,0.5,211,10,3,3.1
28,0.7,288,1,1,
28,1.0,300,0,0,
32,0.05,50,161,31,31.2
32,0.1,106,150,60,67.2
32,0.2,228,72,42,60.2
32,0.3,293,15,14,107.4
32,0.5,300,0,0,
32,0.7,300,0,0,
32,1.0,300,0,0,
33,0.05,13,142,9,9.0
33,0.1,19,150,11,11.0
33,0.2,71,92,12,12.0
33,0.3,169,43,7,7.0
33,0.5,287,10,7,13.1
33,0.7,300,0,0,
33,1.0,300,0,0,
37,0.05,8,150,4,4.0
37,0.1,11,151,6,6.0
37,0.2,42,107,6,6.0
37,0.3,91,71,7,7.0
37,0.5,221,14,6,6.9
37,0.7,288,6,4,6.9
37,1.0,299,1,1,
47,0.05,2,159,1,
47,0.1,16,150,2,2.0
47,0.2,61,87,3,3.0
47,0.3,134,37,1,
47,0.5,275,4,1,
47,0.7,300,0,0,
47,1.0,300,0,0,
50,0.05,44,184,23,23.0
50,0.1,79,150,25,25.1
50,0.2,184,66,29,33.8
50,0.3,270,17,14,42.3
50,0.5,300,5,5,
50,0.7,300,2,2,
50,1.0,300,0,0,
59,0.05,84,164,47,48.7
59,0.1,143,150,61,68.8
59,0.2,263,59,46,113.4
59,0.3,296,22,20,113.5
59,0.5,300,0,0,
59,0.7,300,0,0,
59,1.0,300,0,0,
62,0.05,60,161,41,41.9
62,0.1,91,150,35,35.5
62,0.2,177,91,38,43.3
62,0.3,266,33,24,48.9
62,0.5,300,1,1,
62,0.7,300,0,0,
62,1.0,300,0,0,
66,0.05,52,162,24,24.0
66,0.1,93,150,34,34.4
66,0.2,213,53,30,41.7
66,0.3,289,12,9,19.8
66,0.5,299,2,2,
66,0.7,300,0,0,
66,1.0,300,0,0,
68,0.05,163,187,110,159.1
68,0.1,226,150,105,197.0
68,0.2,294,51,50,1283.4
68,0.3,300,16,16,
68,0.5,300,0,0,
68,0.7,300,0,0,
68,1.0,300,0,0,
69,0.05,14,150,13,13.0
69,0.1,31,150,19,19.0
69,0.2,98,106,22,22.2
69,0.3,223,31,15,18.4
69,0.5,296,5,4,10.8
69,0.7,300,1,1,
69,1.0,300,0,0,
73,0.05,74,197,48,48.9
73,0.1,130,150,57,62.7
73,0.2,268,32,21,35.1
73,0.3,292,9,9,
73,0.5,300,1,1,
73,0.7,300,0,0,
73,1.0,300,0,0,
75,0.05,25,189,12,12.0
75,0.1,64,150,18,18.0
75,0.2,153,76,24,25.2
75,0.3,247,32,18,24.9
75,0.5,298,1,1,
75,0.7,300,0,0,
75,1.0,300,0,0,
77,0.05,39,206,27,27.0
77,0.1,86,150,27,27.1
77,0.2,190,72,34,41.2
77,0.3,266,31,25,69.4
77,0.5,299,2,2,
77,0.7,300,0,0,
77,1.0,300,0,0,
83,0.05,19,170,15,15.0
83,0.1,19,151,13,13.0
83,0.2,44,115,14,14.0
83,0.3,89,77,15,15.1
83,0.5,229,18,9,11.3
83,0.7,286,3,3,
83,1.0,300,0,0,
85,0.05,16,185,12,12.0
85,0.1,40,151,13,13.0
85,0.2,139,79,23,23.9
85,0.3,225,47,20,23.0
85,0.5,299,6,5,15.9
85,0.7,300,2,2,
85,1.0,300,0,0,
86,0.05,21,183,13,13.0
86,0.1,41,150,17,17.0
86,0.2,128,83,14,14.0
86,0.3,229,32,12,13.2
86,0.5,298,4,4,
86,0.7,300,0,0,
86,1.0,300,0,0,
87,0.05,108,185,74,82.9
87,0.1,118,150,60,67.2
87,0.2,232,60,46,107.7
87,0.3,280,19,17,83.8
87,0.5,300,1,1,
87,0.7,300,0,0,
87,1.0,300,0,0,
89,0.05,10,177,7,7.0
89,0.1,23,150,8,8.0
89,0.2,85,71,8,8.0
89,0.3,162,32,4,4.0
89,0.5,282,5,2,2.2
89,0.7,294,2,2,
89,1.0,300,0,0,
92,0.05,9,148,7,7.0
92,0.1,23,150,7,7.0
92,0.2,112,75,15,15.1
92,0.3,196,29,10,10.7
92,0.5,294,4,3,6.6
92,0.7,300,1,1,
92,1.0,300,0,0,
95,0.05,56,173,35,35.3
95,0.1,98,150,41,42.2
95,0.2,206,65,40,61.1
95,0.3,276,24,18,39.6
95,0.5,300,2,2,
95,0.7,300,0,0,
95,1.0,300,0,0,
96,0.05,35,176,24,24.0
96,0.1,47,153,28,28.1
96,0.2,137,88,31,33.4
96,0.3,224,33,22,37.7
96,0.5,300,3,3,
96,0.7,300,0,0,
96,1.0,300,0,0,
99,0.05,42,180,23,23.0
99,0.1,67,150,24,24.0
99,0.2,136,92,21,21.3
99,0.3,227,40,18,21.2
99,0.5,185,6,5,15.9
99,0.7,189,0,0,
99,1.0,189,0,0,
