backbone,T,n_distinct_raw,n_distinct_good,n_survivors_of_300,D_s_fit
0,0.05,143,85,173,
0,0.1,231,106,150,114.3
0,0.2,298,52,53,
0,0.3,300,15,15,
0,0.5,300,0,0,
0,0.7,300,0,0,
0,1.0,300,0,0,
12,0.05,54,26,162,
12,0.1,100,42,150,42.0
12,0.2,200,37,77,
12,0.3,277,24,37,
12,0.5,300,0,0,
12,0.7,300,0,0,
12,1.0,300,0,0,
25,0.05,98,70,223,
25,0.1,179,71,150,72.1
25,0.2,275,39,44,
25,0.3,297,15,17,
25,0.5,300,1,1,
25,0.7,300,0,0,
25,1.0,300,0,0,
37,0.05,18,9,147,
37,0.1,35,17,150,17.0
37,0.2,96,26,136,
37,0.3,224,18,53,
37,0.5,299,5,5,
37,0.7,300,0,0,
37,1.0,300,0,0,
50,0.05,88,52,180,
50,0.1,174,73,150,74.3
50,0.2,289,49,51,
50,0.3,300,9,9,
50,0.5,299,1,1,
50,0.7,300,0,0,
50,1.0,300,0,0,
62,0.05,141,67,198,
62,0.1,220,82,150,84.4
62,0.2,288,31,39,
62,0.3,300,2,2,
62,0.5,300,0,0,
62,0.7,300,0,0,
62,1.0,300,0,0,
75,0.05,10,5,196,
75,0.1,28,5,151,5.0
75,0.2,117,7,64,
75,0.3,243,5,18,
75,0.5,300,0,0,
75,0.7,300,0,0,
75,1.0,300,0,0,
87,0.05,145,75,180,
87,0.1,191,74,150,75.4
87,0.2,275,52,68,
87,0.3,299,14,14,
87,0.5,300,0,0,
87,0.7,300,0,0,
87,1.0,300,0,0,
