candidate,cys1,cys2,unforced_dslf,unforced_fa_rep,unforced_sg_dist,unforced_total,forced_dslf,forced_fa_rep,forced_sg_dist,forced_total,fa_rep_delta
out_70_sample3,3,10,-1.143,415.86,2.042,-706.18,-1.053,426.16,2.054,-696.14,10.3
out_88_sample2,3,9,-0.972,404.36,2.066,-726.53,-1.001,406.49,2.05,-716.7,2.13
out_39_sample1,4,11,-0.844,394.46,2.038,-719.95,-0.965,413.48,2.073,-711.44,19.02
out_39_sample2,4,11,-0.21,418.51,2.031,-706.35,-0.965,416.0,2.076,-709.15,-2.51
out_37_sample3,3,9,-0.911,421.99,2.047,-715.04,-0.947,410.66,2.038,-716.88,-11.33
out_70_sample2,3,10,-0.693,412.9,2.045,-721.88,-0.931,430.83,2.043,-711.67,17.93
out_37_sample1,3,9,-0.865,427.41,2.069,-703.3,-0.915,409.78,2.089,-719.23,-17.63
out_7_sample2,4,12,-0.692,398.86,2.038,-706.01,-0.83,405.03,2.038,-687.46,6.17
out_39_sample3,4,11,-0.984,397.07,2.034,-703.63,-0.739,406.52,2.087,-727.54,9.45
out_37_sample4,3,9,-0.961,411.79,2.04,-724.76,-0.728,420.81,2.113,-713.38,9.02
out_80_sample4,3,9,-0.645,410.07,2.112,-716.19,-0.703,414.28,2.062,-737.06,4.21
out_90_sample4,2,10,-0.576,429.88,2.038,-709.59,-0.526,428.09,2.087,-711.16,-1.79
out_75_sample3,2,10,-0.549,414.74,2.034,-713.77,-0.472,416.44,2.115,-718.58,1.7
out_22_sample4,4,9,0.521,431.68,2.046,-711.45,-0.237,424.33,2.024,-720.33,-7.35
out_21_sample2,4,11,0.0,409.14,4.694,-701.56,-0.192,405.64,2.022,-708.73,-3.5
out_3_sample4,4,10,0.243,423.1,2.034,-724.04,0.046,420.6,2.034,-734.28,-2.5
out_3_sample3,4,10,0.467,418.85,2.034,-735.21,0.207,416.76,2.043,-729.62,-2.09
out_26_sample3,3,10,0.665,420.02,2.044,-694.53,0.236,411.68,2.062,-717.22,-8.34
out_35_sample2,4,13,0.69,431.36,2.06,-745.29,0.244,426.88,2.034,-741.85,-4.48
out_30_sample4,3,10,-0.501,420.52,2.035,-736.75,0.54,409.08,2.104,-734.55,-11.44
out_5_sample4,3,10,0.85,430.21,2.156,-700.13,0.577,423.02,2.115,-729.14,-7.19
out_88_sample4,3,9,-0.269,417.71,2.029,-720.68,0.742,410.75,2.111,-694.12,-6.96
out_98_sample2,3,11,-0.458,433.48,2.032,-707.65,0.838,410.98,2.054,-707.7,-22.5
out_94_sample1,4,10,0.0,432.71,4.722,-700.73,1.085,412.54,2.136,-703.74,-20.17
out_98_sample1,3,11,-0.253,427.48,2.042,-703.74,1.135,415.31,2.037,-687.14,-12.17
out_21_sample1,4,11,-0.075,435.93,2.033,-713.63,1.46,419.11,2.207,-719.83,-16.82
out_17_sample3,2,10,0.102,424.43,2.18,-721.21,2.684,432.35,2.325,-699.73,7.92
