receptor_residue,n_backbones,frac_backbones,is_hotspot,is_native_contact
32,47,0.03133,0,1
33,403,0.26867,0,1
34,424,0.28267,1,1
35,230,0.15333,0,1
36,1,0.00067,0,0
37,1,0.00067,0,0
38,55,0.03667,1,1
39,60,0.04,0,1
42,0,0.0,0,1
46,0,0.0,0,1
92,36,0.024,0,1
95,51,0.034,0,0
96,139,0.09267,1,1
99,14,0.00933,0,0
100,14,0.00933,0,0
101,1,0.00067,0,0
102,11,0.00733,0,0
103,144,0.096,0,1
104,10,0.00667,0,0
105,2,0.00133,0,0
112,1,0.00067,0,0
115,5,0.00333,0,0
116,265,0.17667,0,1
117,1,0.00067,0,0
119,77,0.05133,0,1
120,67,0.04467,0,1
123,0,0.0,0,1
171,1,0.00067,0,1
175,0,0.0,0,1
186,270,0.18,0,0
187,1428,0.952,0,1
188,965,0.64333,1,1
189,927,0.618,0,1
190,5,0.00333,0,0
191,1,0.00067,0,1
196,2,0.00133,0,0
197,48,0.032,0,0
198,4,0.00267,0,0
200,22,0.01467,1,1
201,51,0.034,0,1
204,6,0.004,0,1
205,1,0.00067,0,0
291,29,0.01933,0,1
294,12,0.008,0,0
295,473,0.31533,1,1
298,123,0.082,0,1
299,87,0.058,1,1
301,2,0.00133,0,0
304,1,0.00067,0,0
305,1,0.00067,0,0
306,967,0.64467,0,1
307,266,0.17733,0,0
308,2,0.00133,0,0
311,83,0.05533,0,0
312,227,0.15133,0,1
313,2,0.00133,0,0
314,5,0.00333,0,0
315,1500,1.0,0,1
316,82,0.05467,1,1
317,38,0.02533,0,0
318,92,0.06133,0,1
319,5,0.00333,0,0
