sequence_id,dG_pilot,dG_whole,s_whole,dG_shell,s_shell
out_5_sample4,-52.841,-51.656,331.0,-49.096,135.8
out_30_sample4,-51.964,-49.396,331.4,-34.792,141.2
out_70_sample2,-51.528,-59.919,346.7,-39.969,143.8
out_35_sample2,-51.399,-58.406,320.8,-46.267,141.2
out_80_sample4,-49.098,-51.224,321.5,-37.143,136.4
out_26_sample3,-48.42,-45.723,344.1,-35.694,134.8
out_70_sample3,-47.619,-43.446,330.2,-22.564,141.7
out_98_sample2,-47.198,-58.3,333.6,-37.565,133.3
out_37_sample4,-47.132,-45.008,332.4,-40.567,133.9
out_3_sample4,-46.133,-42.369,310.7,-34.808,133.5
out_7_sample2,-45.535,-38.571,329.6,-34.304,132.5
out_98_sample1,-44.809,-41.397,348.1,-46.365,134.4
out_21_sample2,-44.467,-42.161,318.1,-28.906,129.1
out_17_sample3,-44.12,-49.882,321.5,-38.089,129.0
out_90_sample4,-43.691,-40.227,345.5,-26.832,131.7
out_88_sample4,-42.315,-40.399,310.8,-35.594,136.0
out_37_sample1,-41.543,-47.369,321.2,-37.214,135.7
out_3_sample3,-41.022,-43.604,331.0,-41.873,139.3
out_37_sample3,-38.972,-42.003,332.9,-37.749,133.9
out_22_sample4,-37.495,-40.806,310.7,-30.649,130.8
out_88_sample2,-33.099,-30.145,336.6,-27.815,120.9
out_94_sample1,-33.011,-37.026,345.3,-26.3,128.2
out_75_sample3,-32.896,-36.127,314.7,-28.013,120.4
out_21_sample1,-30.997,-42.126,349.6,-34.979,129.5
out_39_sample3,-29.385,-31.44,341.7,-25.578,116.1
out_39_sample1,-24.275,-27.948,317.8,-23.24,119.6
out_39_sample2,-23.475,-24.359,235.0,-23.127,95.6
